Modifier,Counts
8k,9267
cinematic,6562
octane render,5442
photorealistic,5347
highly detailed,4976
cinematic lighting,4332
hyper realistic,4295
unreal engine,4231
realistic,3580
4k,3440
detailed,2962
elegant,2897
digital art,2675
photography,2611
trending on artstation,2571
highly detailed,2549
vintage.,2545
hyperrealistic.,2534
closeup.,2529
concept art,2521
sharp focus,2515
depth of field,2482
4k hd.,2450
ward winning.,2446
intricate details,2394
white background,2321
rtstation,2291
hyperrealistic,2235
studio lighting,2141
illustration,2110
volumetric lighting,2050
high detail,1978
ultra realistic,1908
vfx,1878
portrait,1863
full body,1846
intricate,1707
super detailed,1682
beautiful,1660
glowing,1610
volumetric,1604
ultra detailed,1578
hd,1575
hyper,1568
global illumination,1563
color grading,1542
fantasy,1516
epic,1513
extremely detailed,1502
32k,1490
hyper detailed,1483
digital painting,1469
natural lighting,1444
post,1434
photo realistic,1423
hdr,1411
soft lighting,1376
cgi,1334
dramatic lighting,1333
black and white,1302
ccent lighting,1291
shadows,1288
magical,1276
colorful,1254
masterpiece,1246
oil painting,1235
dramatic,1231
backlight,1225
beautiful lighting,1211
rtx,1186
ray tracing reflections,1173
high contrast,1152
dof,1139
megapixel,1119
white balance,1118
dark,1102
super,1098
lumen reflections,1095
tone mapping,1090
ssao,1067
sfx,1065
chromatic aberration,1062
insanely detailed and intricate,1060
high resolution,1059
scattering,1056
moody lighting,1050
rough,1045
smooth,1044
incandescent,1035
ray tracing global illumination,1029
unreal engine 5,1017
neon,1008
shimmering,997
post processing,994
screen space reflections,994
photoshoot,992
photorealism,991
vibrant,975
shaders,956
sculpture,950
dynamic pose,947
optics,943
diffraction grading,930
3d,926
scan lines,920
bright,901
high quality,900
screen space global illumination,899
cyberpunk,892
vivid,892
8 k,888
top,863
creative,856
one,853
captivating,846
fk,834
stunning,832
pixel art,831
professional,826
editorial photography,815
unique,806
optical fiber,803
photo,793
tilt blur,789
esthetic,785
vr,780
insane details,775
gb displacement,762
impressive,762
incredible,756
inspiring,755
hypermaximalist,754
mind,746
game,744
nti,742
4k resolution,736
ultra high poly,735
exemplary,734
outstanding,733
uhd,727
#wow,725
rnold render,724
jaw,723
very beautiful,720
prophoto rgb,720
unbelievable,718
rendering,717
impressive detail,714
world,712
state,708
fantastic,708
unmatched,707
exquisite,707
contest winner,705
high,703
70mm,703
blender 3d,703
spectacular,702
postprocessing,701
iconic,698
fascinating,697
groundbreaking,696
remarkable,695
ray tracing,693
nime,692
realism,689
inspire,687
ray tracing ambient occlusion,687
trailblazing,686
ingenious,685
intricate detail,685
high poly,682
innovative,681
phenomenal,681
bstract,681
striking,681
greg rutkowski,680
well preserved,679
mesmerizing,679
visionary,679
exceptionally skilled,678
genius,676
unforgettable,674
talented,674
mbient occlusion,673
revolutionary,670
wondrous,669
wow factor,668
vibes,668
extraordinary,667
whimsical,665
cutting,664
massive,664
ray traced,663
exceptional,663
expertise,660
cinematic shot,660
rendered in unreal engine,646
skillful,645
wide angle,644
ethereal,637
perspectives,636
very detailed,635
selfie,633
masterful,630
sketch,629
futuristic,628
playful,627
lphonse much,627
opengl,627
symmetrical,623
moody,622
book cover,619
close,618
matte,609
beautifully color graded,604
volumetric light,598
16k,591
cartoon,586
glsl,581
collage,578
full body shot,577
ornate,575
halfrear lighting,562
movie poster,559
bold,548
soothing,545
rtgerm,538
cel shading,536
craig mullins,536
comic,534
detailed scientific diagram,532
vector,527
tmospheric,524
simple,524
high definition,524
painting,522
hyperdetailed,522
neoclassical painting,520
translucent,514
renaissance painting,511
good,510
go pro footage,510
iridescent,509
baroque painting,508
subtle,508
warm,507
early 1900s newspaper,505
gothic,495
cool,493
crayon art by 5 year old,491
pale,489
cgsociety,488
dreamy,488
watercolors by 5 year old,488
saturated,487
realistic photograph,486
surrealism,484
low poly,483
wide shot,483
cyberpunk digital art,482
desaturated,479
crisp,478
grafitti art,476
sun,476
street art,476
metallic,475
cute,474
mysterious,474
pastel,473
primary colors,473
dvertisement,473
rt nouveau,473
realistic painting,471
35mm photograph,471
photograph,468
broccoli color,468
glossy,465
rim lighting,463
earth tones,463
monochromatic,462
gradient,462
eggplant color,459
3d render,459
1960s cartoon,458
calligraphy,458
multicolored,456
retro,452
steampunk,450
blueberry color,450
victorian newspaper article,450
pomegranate color,449
bokeh,449
hyperrealism,449
cool blues,448
sage color,447
guava color,447
nectarine color,446
pearlescent,446
peach color,446
extreme close,446
pop of color,444
hyper realism,444
minimalism,444
vintage,443
cherry color,443
rich,443
sunset,442
persimmon color,442
sharp,441
lavender color,441
tinted,440
cucumber color,440
4 k,439
jalapeno pepper color,439
portrait photography,437
underwater,437
rhubarb color,437
purple cabbage color,436
pineapple color,436
carrot color,435
tangerine color,435
zucchini color,435
pastel pinks,434
clementine color,434
lemon color,434
pear color,434
minimalist,433
secondary colors,433
fig color,433
earthy browns,433
surreal,433
toned,433
strawberry color,432
faded,431
grape color,431
vivid greens,431
deep,431
horror,431
plum color,431
dusky oranges,429
complementary,429
harmonious,429
honeydew melon color,429
lonely,428
utumnal colors,427
yellow bell pepper color,425
muted,424
purple potato color,424
rugula color,424
soothing purples,424
cai color,424
warm yellows,424
jewel tones,423
grapefruit color,422
red apple color,422
orange color,420
tomato color,420
potato color,419
lime color,418
green pea color,418
night,417
hyper maximalist,417
passion fruit color,416
butternut squash color,416
parsley color,415
raspberry color,415
pricot color,415
transitional,415
turnip color,415
bell pepper color,414
popsicle colors,414
cranberry color,413
close up,413
opaque,413
red pepper color,412
kiwi color,412
endive color,412
turmeric color,412
yellow squash color,412
sweet potato color,411
garlic color,410
chili pepper color,409
red onion color,409
watermelon color,408
ginger color,407
purple carrot color,406
variegated,406
green bean color,405
contrasting,405
spotlight,404
spinach color,404
mint color,403
cantaloupe color,402
mango color,401
cell shading,401
kale color,400
natural light,399
papaya color,399
yoji shinkaw,399
yellow apple color,399
blackberry color,399
shades of gray,396
green apple color,396
pumpkin color,396
rosemary color,394
thyme color,394
beet color,394
red cabbage color,393
pepper color,393
radish color,388
okra color,388
super resolution,384
smiling,383
yellow tomato color,383
modern,383
matte painting,383
dynamic lighting,382
sci,382
full color,380
frank frazett,378
contre,378
vibrant colors,377
landscape,373
wes anderson,373
golden hour,372
romantic,366
caravaggio,364
2d,363
white,361
synthwave,361
watercolor painting,359
simon stalenhag,355
norman rockwell,353
pop art,352
baroque,352
basquiat,352
wlop,351
jean,348
james gurney,348
black background,347
fog,347
happy,347
hieronymus bosch,346
contemporary,346
leonardo da vinci,345
intense,344
hayao miyazaki,344
rt deco,343
marc chagall,343
line art,343
iso 100,340
zdzislaw beksinski,340
johannes vermeer,339
gustave dore,338
wide,337
vincent van gogh,337
keith haring,335
hokusai,335
rococo,335
vector art,335
film grain,334
golden ratio,333
ultra hd,332
watercolor,331
industrial,331
uguste rodin,330
octane,330
epic composition,330
lucian freud,328
silhouette,328
graffiti,327
thomas cole,327
lisa frank,327
botticelli,326
edvard munch,326
yayoi kusam,325
beatrix potter,325
diego river,324
edward hopper,323
paul cézanne,323
gustav klimt,323
shutter speed 1/1000,323
ndy warhol,323
jackson pollock,322
character design,321
dorothea lange,320
rene magritte,320
cezanne,320
gustave doré,319
rembrandt,319
rembrandt lighting,318
mc escher,318
piet mondrian,317
gericault,317
raphael,316
katsushika hokusai,316
dynamic,316
charcoal drawing,316
saul leiter,315
goy,314
blue,314
renaissance,314
utagawa kuniyoshi,314
8k resolution,314
insanely detailed,314
modigliani,314
duchamp,314
seurat,313
pastel drawing,313
vermeer,313
sargent,313
claude lorrain,313
vaporwave,311
robert mccall,311
eric carle,310
robert hargreaves,310
georges braque,309
ralph mcquarrie,309
frida kahlo,309
high details,309
mary blair,309
symbolism,308
michelangelo,308
salvador dali,308
f/22,308
rené magritte,306
vant,305
margaret keane,305
yves klein,305
dr. seuss,304
low angle,304
nsel adams,304
banksy,303
lichtenstein,302
hatsune miku,302
paul gauguin,302
ward,301
lbert bierstadt,301
half rear lighting,301
fractal,301
pieter brueghel,300
georges seurat,300
john constable,300
henri rousseau,299
dieselpunk,299
bstract expressionism,299
pierre auguste renoir,298
toulouse,297
35mm,297
rcimboldo,297
maurice sendak,296
roy lichtenstein,296
frank gehry,296
mark rothko,295
georgia o'keeffe,295
ivan shishkin,294
dean cornwell,294
prehistoric art,294
punk,293
impressionist,293
thomas kinkaid,292
edgar degas,292
turner,292
nime style,292
francisco goy,292
bstract art,292
impressionism,292
gainsborough,291
duffer brothers,291
irbrush,291
charles schulz,290
centered,290
j.k. rowling,287
ultra photoreal,287
soft shadows,287
kazimir malevich,286
surrealist,286
bacon,286
foggy,285
op art,285
black,285
light,285
nnie leibovitz,284
shallow depth of field,284
cubism,283
kahlo,283
logo,282
hanna barber,282
ecological,282
bill watterson,282
dadaism,282
traditional,281
samuel daniell,280
terry richardson,280
salvador dalí,280
galen,280
red,279
pixar style,279
neoclassicism,279
cinematic light,279
brueghel the elder,278
pablo picasso,278
bohemian,277
folk art,277
expressionism,276
romanticism,273
cartoon style,273
xel schaefer,273
futurism,272
modernism,272
de stijl,272
pro photo rgb,271
installation,271
ultrarealistic,270
5d,270
mexican muralism,270
conceptual art,269
ncient egyptian art,269
pointillism,268
toshi yoshid,268
kinetic art,267
claude monet,267
babylonian art,266
edouard manet,266
low,266
cybernetic,265
lens flare,265
<> <>,265
biopunk,265
bstract organic,264
beautifully color,264
smoke,264
ethnic,263
cinematic composition,263
constructivism,262
hieroglyphics,262
casual,262
clean,262
legri,261
ncient art,260
long shot,259
land art,259
rt by artgerm and greg rutkowski and alphonse much,259
dark fantasy,258
henri matisse,258
skeumorphism,258
mannerism,257
chinese watercolor,257
octane rendering,255
suminagashi,254
hard lighting,254
suprematism,254
vivid colors,253
isometric,252
front view,252
formal,252
ultra detail,252
post production,251
fauvism,250
shot on 70mm,248
backlighting,247
glitchcore,247
eclectic,247
rim lights,247
haunting,245
fx,243
frofuturism,242
macro,242
focus shot on the model,241
over,241
cinematography,241
classicism,240
minimalistic,239
frontlight,239
no background,239
primitivism,238
glam,238
mbient lighting,238
double exposure,237
logo design,236
dark background,236
high detailed,235
luxury,234
long exposure,234
ultra wide angle,234
fantasy art,234
85mm,233
soft,233
motion blur,232
gloomy,232
super - resolution,232
flowers,232
bright colors,231
dusk,231
t,231
medieval art,229
full shot,228
no text,228
green,227
reflective,225
polaroid,223
peter mohrbacher,222
psychedelic,222
outdoors,221
reflections,221
erial view,220
professional color grading,220
creepy,219
studio photography,219
sunrise,217
misty,215
dreamlike,215
minimal,213
shutter speed 1/ 1000,212
ward winning photography,211
line drawing,209
conte,208
ilya kuvshinov,207
product photography,207
pencil drawing,206
insane detail,206
full,206
clean sharp focus,206
soft light,206
pastel colors,206
time,206
high angle,205
joyful,205
james jean,203
dslr,203
extreme detail,201
panoramic,201
harsh,200
street photography,199
calm,197
long,196
blue eyes,195
mist,195
serene,194
details,194
no contrast,194
ction photography,194
claymation,194
gold,193
studio ghibli,193
reflection,192
f/ 22,192
blender,192
medium shot,192
tilt,192
disposable camer,191
flat,191
plain background,190
magic,190
zoomed,189
moonlight,189
rain,189
pink,189
peaceful,188
35mm lens,188
photo realism,188
lbum cover,188
super realistic,187
tranquil,187
ward winning,186
transparent background,186
hyper detail,186
shot on 70mm lens,185
photoreal,184
fierce,184
gamm,184
web design,183
infographic,183
rule of thirds,183
side view,182
telephoto,182
interior design,182
pixar,181
enchanting,181
sharpen,181
deviantart,180
pencil and watercolor drawing,179
tattoo,179
press release,178
sticker illustration,178
energetic,178
materiality,178
fish,178
melancholic,177
mythological map,177
comic book art,177
full body photo,177
in a utopian society,176
sound installation,176
detailed face,176
nti - aliasing,176
stop,176
full hd,176
in a dystopian world,175
tapestry,175
scary,175
27,174
photo real,174
music video,174
storyboard,173
mbient,173
trail cam,173
blueprint,173
rtistic,172
crylic painting,172
packaging design,172
street art mural,172
nostalgic,172
product prototype,172
layered paper,171
suspenseful,171
</,171
from behind,171
chill,171
first,171
rossdraws,170
head,170
rtificial lighting,170
sunny day,169
rainy,169
storybook,169
dvertising poster,169
big,169
packaging prototype,169
fisheye lens,169
neon lights,168
enigmatic,168
viewed from behind,168
nti aliasing,168
opengl - shaders,168
in a futuristic spaceship,168
editorial illustration,168
under electron microscope,168
passionate,168
upbeat,168
smiling happy,168
travel photography,167
oversaturated filter,167
optimistic,167
soulful,167
stars,167
hopeful,167
photographic,167
oil on canvas,166
thoughtful,166
render,166
fire,166
in an alternate dimension,166
diagram,166
light mode,166
indoors,166
marble statue,166
space,166
ztec carving,165
clean lines,165
patent drawing,165
etching,165
in a war zone,165
mixed medi,165
nimated gif,165
virtual reality (vr) experience,165
tilted frame,165
lbum art cover,165
pencil sketch,165
stained glass window,165
overhead,164
photoshopped image,164
exuberant,164
fashion editorial,164
motion graphics,164
cloudy,164
voynich manuscript,164
hypnotic,164
best quality,164
purple,163
engraving,163
mystical,163
quatint print,163
ncient egypt papyrus,163
harsh flash photography,163
lively,162
dawn,162
from below,162
pinhole photography,162
candid,162
in a time,162
lithography,162
incredibly detailed,161
stylized,161
in an enchanted forest,161
data visualization,161
stained glass,161
crayon drawing,161
houdini 3d render,161
uplifting,160
topiary,160
linocut,160
fashion show,160
lumen global illumination,160
glsl - shaders,160
camera obscur,160
on canvas,159
cave painting,159
dramatic light,159
editorial fashion photography,159
50mm,159
comic strip,159
video game design,159
studio lights,159
brand mascot,159
lomography,158
doodle,158
in a futuristic city,158
in a haunted house,158
rt installation,158
funky,157
logo animation,157
infrared,157
sigma 75mm,157
daylight,157
in a jungle,157
brand identity,157
ominous,157
courtroom sketch,156
pirate map,156
pensive,156
brochure design,156
vray,156
roman mosaic,156
sedate,156
torchlight,156
bronze statue,155
poster,155
origami,155
zbrush,155
post - production,155
clouds,155
fifth grade yearbook,154
full body portrait,154
terracotta warriors,154
macro 35mm photograph,154
shot on iphone 11,154
midshot,154
documentary film,154
yoga studio,154
in a film noir setting,154
shutter speed /1000,154
manuscripts,153
in a tropical paradise,153
from above,153
promotional video,153
sticker,153
screen printing,153
in a magical realm,153
gouache painting,153
by greg rutkowski,153
in narni,153
dashcam,152
ice carving,152
in a desert,152
contemplative,152
brooding,152
split lighting,152
gorgeous,152
digital illustration,152
pottery,152
sketchbook,151
ugmented reality (ar) app,151
clear facial features,151
yellow,151
irbrush art,151
event poster,150
theatrical press release,150
dynamic composition,150
in a circus,150
in a steampunk world,150
multiverse,150
in the distance,150
firefly,150
glow,150
clay sculpture,150
rchitectural photography from magazine,150
byzantine icon,149
medieval portrait,149
wire sculpture,149
colouring,149
in a cyberpunk city,149
dutch angle,149
real estate photography,149
hyper real,148
rt,148
magazine layout,148
chandelier,148
ssemblage,148
overcast,148
spray painting,148
in a forest,148
realistic photography,148
twilight,148
decorative minoan mural,147
in a cozy cottage,147
symmetry,147
in a cityscape,147
in a zen garden,147
muted colors,146
stormy,146
in a bustling market,146
close face,146
ink art,146
spray,146
firelight,146
catalog design,146
professional corporate portrait,146
in a lunar colony,146
commercial print ad,146
exhibition design,145
in a mythical land,145
kindergartener drawing,145
short film,145
in a museum,145
wireframe,145
hyper - detailed,145
fiber art,145
mugshot,144
in a historical setting,144
in a small town,144
woodworking,144
forest,144
orange,144
panning,144
typography design,144
cinematography from music video,144
strobe,144
the emerald city,143
fine details,143
medium,143
printmaking,143
textile art,143
in a science laboratory,143
contre - jour,143
dnd,143
by wlop,143
bronze sculpture,143
in a virtual reality,142
stage set design,142
in a wild west town,142
lighting,142
blissful,142
disco lights,141
graphite drawing,141
childrens art,141
utochrome,141
in a post,141
by weta digital,141
in a space station,141
elite,141
mellow,141
in a hidden cave,141
chiaroscuro,140
fashion lookbook,140
batik art,140
performance art,140
in a dream,140
sunset photo at golden hour,140
overhead view,140
dappled,140
movie still,140
fiber optic,140
fairy lights,140
colourful,140
textile printing,139
in a castle,139
on the moon,139
interactive installation,139
in a parallel universe,139
poster design,139
mosaic,139
visual effects (vfx),139
/22,139
metal sculpture,138
symmetrical face,138
raucous,138
dvertising campaign,138
experimental expired film photo,138
tom bagshaw,138
nature,138
wallpaper,138
film photography,137
dark mode,137
moebius,137
in an underwater city,136
trees,136
female,136
ui,136
pen and ink drawing,136
instruction manual,135
beautiful face,135
fireworks,135
in a celestial realm,134
branding guidelines,134
eerie,134
lantern,134
headshot,134
paper art,134
long hair,134
empowering,134
in a snowy landscape,134
metalwork,134
medium close,133
glass art,133
in a surreal landscape,133
modeling photoshoot,133
video art,133
photomontage,133
epic scene,132
<> <,132
social media campaign,132
photo shoot,132
through a periscope,132
encaustic art,132
streetlights,131
ceramics,131
euphoric,131
rchitectural blueprint,130
16:09,130
cinem,130
80mm,130
laser,130
in a fantasy kingdom,130
8k render,129
focus shot on the style inspired clothing,129
professional photography,129
blue sky,129
candlelight,128
flat design,128
v,128
very realistic,128
beautifully color coded,128
fluorescent,127
detail,126
scratchboard art,126
exquisite detail,126
in a floating city,126
real,126
grainy,126
photo manipulation,126
installation art,125
dystopian,125
subsurface scattering,125
rendered in octane,124
powerful,124
through a porthole,123
glsl shaders,122
evil,122
depth,121
hyperrealist photography,121
film,120
black hair,120
marker art,120
maximum detail,120
green eyes,120
loish,120
rim light,119
ux,119
hyperreal,119
epic lighting,117
ultra details,117
gritty,117
raytracing,116
kawaii,116
rtstation trending,116
ultra - wide angle,116
v5,116
d & d,116
complex details,115
opengl shaders,115
ross tran,114
cinema 4d,113
off,112
cinematic color grading,112
tmospheric lighting,112
fashion,112
disney,112
night time,111
beksinski,111
perfect details,111
cinematic lightning,111
x,111
high octane render,110
diagonal,109
contrast,109
male,109
muscular,109
shutter speed 1000,109
marc simonetti,108
color,108
ray tracing ambient occlusi on,108
ethereal light,108
dungeons and dragons,108
super detail,108
mountains,107
sunny,107
summer,106
painterly,106
22,106
birds,106
mood lighting,105
t night,105
medieval,104
360,104
tilted,104
woman,104
smile,103
drawing,103
wide angle lens,103
sci fi,103
d&d,103
3d rendering,102
unreal,102
multiple exposure,102
rt station,101
canon eos 5d mark iv dslr,101
studio light,101
handsome,101
vector illustration,101
shot on 70mm lense,101
micro details,101
design,101
technology,100
ultra high definition,100
vray render,100
full view,100
low angle shot,100
krenz cushart,99
funny,98
contour,98
warped,98
split screen,98
high fantasy,98
uplight,98
character concept,98
framed,98
intricately detailed,98
forced perspective,97
water,97
vertical,97
shot on 50mm lense,96
wet,96
omniscient,96
makoto shinkai,95
strong,95
zoomed out,95
rich colors,95
sunlight,94
mang,94
dark atmosphere,94
tmosphere,94
mid,94
film still,93
rgb displacement,93
beeple,93
closeup,93
wide view,92
realistic photo,92
comic style,91
whole body,91
35mm film,91
drone,91
final fantasy,91
fashion photography,91
digital drawing cartoon sticker,90
hq,90
weta digital,90
backlit,89
highly realistic,89
color correction,89
incredible details,89
majestic,89
scifi,89
point of view (pov),89
giger,88
ction,88
lightning,88
vector style,88
fun,87
city,87
ward winning photo,87
daytime,87
disney style,87
radiant light,87
neon colors,87
f/2.8,86
thick lines,86
ultra realism,86
unreal 5,86
pbr,86
real photo,86
plants,86
contre jour,86
flat texture cartoon style,85
flat colors,85
c4d,85
reverse,85
ultradetailed,85
science fiction,85
strological,84
ruan ji,84
full colored,84
hasselblad,84
by artgerm,84
bird's eye,84
crazy details,84
big eyes,83
neo,83
complex,83
pixiv,83
diffuse,83
unconventional,83
extreme details,83
fantasy style,83
blade runner,83
glass,82
ghibli,82
unreal engine render,82
low angle view,82
beautifully color - coded,82
moon,82
pale skin,81
spherical,81
real photography,81
wires,81
behance,81
galaxy,81
snow,80
leading lines,80
breathtaking,80
flat lay,80
love,80
expressive,80
much,80
kodak portra 800,80
details + professional lighting,80
organic,79
no shading,79
back view,79
cinematographic,79
iso 200,79
cover of gq magazine,79
realistic lighting,79
character,79
ngry,78
brown hair,78
50mm lens,78
detailed and intricate environment,78
shiny,78
low contrast,78
ultra high detail,78
geometric,78
image black border color,78
panoramic view,78
shot on 25mm lens,78
deep focus,78
dark lighting,78
cover of national geographic magazine,78
f/8,77
blonde hair,77
texture,77
pinterest,77
raining,77
beautiful color grading,77
ultra - detailed,77
ultra high resolution,77
kodachrome,77
volumetric fog,77
brown eyes,76
sleek,76
top view,76
trending on art station,76
low light,76
highlights,76
full body view,76
silver,76
colors,76
selective focus,75
god rays,75
r 16:9,75
elaborate,75
lara croft cosplay by princess monk athletic fitness model 27,74
donato giancol,74
8 k resolution,74
hand,74
background,73
cover of cosmopolitan magazine,73
clear,73
symmetrical eyes,73
graphic,73
cyberpunk style,73
f/1.8,73
national geographic,73
dust,73
transparent,72
parallel,72
real life,72
teal,72
comic book style,72
graphic design,72
high angle view,72
imax,71
fluffy,71
extreme wide shot,71
cover of rolling stone magazine,71
well,70
no blur,70
cosmic,70
young,70
boris vallejo,70
85mm lens,70
desert,70
detailed illustration,70
vogue,70
ultra resolution,70
sad,69
12k,69
trending artstation,69
low detail,69
intricate design,69
sacred geometry,69
rhads,69
character art,69
full length,69
short hair,69
tracking shot,69
r,68
establishing shot,68
night vision,68
cover of vogue magazine,68
cover of time magazine,68
32k uhd,68
long exposure time,68
redshift render,68
kihiko yoshid,68
ttractive,68
rchitecture,68
nthropomorphic,68
dream,68
distant view,68
laughing,68
fenghua zhong,67
shot on 85mm lens,67
tarot card,67
sharp details,67
cover of mad magazine,67
movement,67
glasses,67
girl,67
r a y traced,67
monochrome,67
ction pose,67
waterfall,67
ultra quality,67
epic composition unreal engine,67
trending in artstation,66
chibi,66
trippy,66
digital,66
occult,66
detailed and intricate,66
realistic details,66
hyper details,66
slow motion,66
tall,66
trending,66
3 d,66
natural,66
landscape view,66
perfect face,66
lifelike,66
soft studio lighting,66
character concept art,66
mazing detail,65
colorfull,65
luminous,65
icon,65
cinematic lights,65
35mm aerial view,65
pretty,65
hyper - realistic,65
painting by gustav klimt,64
shot on 22mm lens,64
coloring page,64
vertigo effect,64
red eyes,64
ultra sharp,64
detailed view of the model,64
soft focus,64
painting by leonardo da vinci,64
fine art,63
high res,63
glowing eyes,63
35 mm,63
cityscape view,63
us,63
namorphic lens flare,63
standing,63
cyborg,63
delicate,63
underwater view,63
full body image,62
professional lighting,62
optics diffusion,62
light painting,62
metal,62
painting by vincent van gogh,62
dirty,62
eye,62
speed,62
star wars,62
enhanced,62
darkness,62
maximum texture,62
large,62
photos taken by sony,62
canon,62
wind,62
clean line art,61
fat,61
detailed eyes,61
victo ngai,61
bright light,61
polaroid photo,61
shimmer,61
lien,61
emotional,61
drone shot,61
candid view,61
warm lighting,61
music,61
fixed view,61
painting by rembrandt,61
oil paint,60
ndrei riabovitchev,60
haze,60
full moon,60
epic scale,60
de,60
old,60
face,60
focus stacking,60
yoshitaka amano,60
manga style,60
kodak,60
procreate,60
subject in motion,60
man,60
medium format,60
realistic face,60
red hair,60
macro view,60
diffraction gradation,60
soft colors,59
future,59
cinematic still,59
jungle,59
beach,59
sharp features,59
dobe after effects,59
clipart,59
interior view,59
regal,59
vivid color,59
sakimichan,58
grey,58
ray trace,58
pro photo gb,58
sharp image,58
hyperdetail,58
exterior view,58
focused,58
in the movie rocky,58
unconventional framing,58
8k octane render,58
shot on 50mm lens,58
rutkowski,58
midnight,58
dynamic view,57
makoto shinkai and lois van baarle,57
epic light,57
8k post,57
film burn,57
rack focus,57
bright lighting,57
cinematic look,57
hyper realistic photography,57
3d shading,57
warm light,57
ncient,57
realistic detail,57
wood,57
cinematic scene,57
winter,56
yami kojim,56
bloom,56
warm colors,56
dan mumford,56
cinematic atmosphere,56
featured on artstation,56
painting by salvador dali,56
movie,56
ocean,56
horizontal view,56
point,56
love is love,56
i,55
nxiety,55
beautifully lit,55
ink,55
street view,55
photoshopped,55
ultra photorealistic,55
vertical view,55
octane rendered,55
rtwork,55
side profile,55
textured,55
robot,55
studio ghibli style,55
sun rays,55
painting by claude monet,55
iso1900,55
volumetric lightning,55
wayne barlowe,55
cinematic style,55
freckles,55
skyline view,55
profile picture,55
kodak portra 400,55
sky,55
charlie bowater,55
symmetrical composition,55
symmetric,54
night photography,54
nighttime,54
sci - fi,54
stylish,54
bird's eye view,54
editorial,54
crane shot,54
perfect composition,54
brown,54
dobe photoshop,54
river,54
gigapixel,54
fine detail,54
white hair,54
framed shot,54
volumetric lights,54
clean background,54
in the movie star wars,54
light colors,54
backlit subjectmedium,54
nightmare,53
magali villeneuve,53
noir,53
three,53
evening,53
leather,53
friendly,53
wide angle shot,53
split focus,53
in the movie indiana jones,53
steadicam,53
joah brown,53
interior,53
photo taken by canon,53
dorable,52
retrofuturism,52
close distance view,52
focus,52
daz,52
tentacles,52
night view,52
spooky,52
macro photography,52
redshift,52
beautiful eyes,52
ue5,52
lo yog,52
leic,52
half,52
isolated,52
multi,52
on white background,52
metaverse,52
posing,52
perfection,52
karol bak,52
cozy,51
namorphic,51
painting by andy warhol,51
small,51
model,51
narrow,51
tarot,51
planets,51
high fashion,51
photography lighting + 50mm,51
iso 400,51
sinister,51
dark colors,51
particles,51
ultra real,51
hard edges,51
luxurious,51
hyperealistic,51
chimney town,51
very coherent,50
chrome,50
composition,50
brutal but organic silhouette,50
hearthstone,50
fantastical,50
lululemon,50
forgotten realms,50
dark hair,50
ridley scott,50
beautiful composition,50
nikon,50
league of legends,50
grunge,50
painting by h.r. giger,50
on the television show law & order,50
hand drawn,50
goddess,49
light background,49
f2.8,49
selective view,49
4k post,49
3dcg,49
dancing,49
divine,49
full figure,49
instagram,49
water color,49
vibrant color,49
painting by pablo picasso,49
hi,49
in the movie gone with the wind,49
wide perspective view,48
3d model,48
pop,48
movement in flow,48
ultra 8k,48
in the movie saving private ryan,48
golden,48
ccurate,48
static,48
nalogical imitation,48
vibration,48
sunshine,48
in the movie terminator,48
fashion movie scene,48
crystalline,48
by james jean,48
japanese,48
kodak film,48
hell,48
rainbow,48
ui/ux,48
white skin,48
8k uhd,48
ward - winning,48
pastel colours,48
collage view,48
waves,48
lights,48
uhd image,48
in the movie jurassic park,47
otherworldly,47
beauty,47
half body,47
rt by artgerm,47
chaos,47
long black hair,47
upscaling,47
partial view,47
simple background,47
rgb,47
ttention to detail,47
forest background,47
cosmic horror,47
on the television show sopranos,47
highly detailed and intricate,47
handheld,47
mystic,47
cinematic view,47
cryengine,47
on the television show the brady bunch,47
simplistic,47
cinema lighting,47
conte - jour,46
scenic view,46
italy,46
hot,46
people,46
klimt,46
palm trees,46
sony alpha α7,46
no watermark,46
diffraction grating,46
retouch,46
morning,46
middle,46
v 5,46
micro view,46
on the television show seinfeld,46
rooftop view,46
greg hildebrandt,46
warrior,46
mano,46
food photography,46
roots,46
detailed facial features,45
no color,45
god,45
thomas kinkade,45
traced,45
dmt,45
on the television show the office,45
3 d render,45
perfect symmetry,45
split view,45
neutral colors,45
movie scene,45
bioluminescence,45
hdr (high dynamic range),45
beautiful color coding,45
flicker,45
shot on agfa vista 200,45
rtx on,45
environmental key art,45
lluring,45
blue background,45
neon lighting,45
intricately,44
on the television show friends,44
feminine,44
painted,44
film scratches,44
sepi,44
stress,44
lord of the rings,44
furry,44
symmetrical view,44
**<,44
books,44
japan,44
no people,44
lex ross,44
watercolor style,44
ray,44
behance hd,44
storm,44
detailed painting,44
shot on 80mm lens,43
photo realistic style,43
tattoos,43
intricate 8k,43
raw,43
realistic render,43
rchitectural photography,43
lineart,43
1980s,43
old kodak photo,43
perfect shading,43
war,43
night sky,43
street,43
optical,43
200mm,43
romm rgb,43
glare,43
static view,43
full frame,43
clarity,43
in the movie lord of the rings,43
studio,43
on the television show simpsons,43
corona render,43
blob:,43
organic painting,43
comic book,43
zaha hadid,43
fujifilm natura 1600,43
in the movie the godfather,43
skull,43
1970s,43
detailed faces,43
coloring book page,42
negative space,42
slo,42
beautiful woman,42
glitch art,42
colored,42
dramatic pose,42
har lighting,42
celestial,42
perfect,42
rt by artgerm and greg rutkowski and magali villeneuve,42
brush strokes,42
brightness,42
floral,42
perfect lighting,42
dlss,42
canad,42
perture,42
many details,42
lovecraftian,42
realistic cinematic lighting,42
pride,42
gb offset,42
100mm,42
grain,42
glitter,42
pastel color,41
by makoto shinkai,41
64k,41
cinestill 800t,41
on the television show the x files,41
rt by greg rutkowski,41
lsd,41
front,41
caustics,41
cheerful,41
photography. super detailed 8k resolution,41
confident,41
terrifying,41
finely detailed,41
perfectionism,41
conte jour,41
mbient light,41
poster art,41
tokyo,41
vector logo,41
diffuse lighting,41
geometric shapes,41
<> <> <,41
syd mead,41
trending on deviantart,41
j. c. leyendecker,41
pop culture infused,41
sophisticated,41
grotesque,40
saturated colors,40
realistic style,40
vibrant colours,40
cold,40
ruins,40
pretty face,40
f1.2,40
intricate detailed,40
halo,40
news archive photo,40
softbox,40
mythical,40
velocity,40
ward - winning photography,40
universe,40
surrealistic,40
vines,40
character portrait,40
macro lens,40
clear focus,40
png,40
fashion illustration,40
website,40
sony,40
semi,40
virtual reality,40
top down view,39
highly detailed face,39
germany,39
embroidered patterns,39
fractals,39
3d art,39
rpg portrait,39
mech,39
mechanical,39
stephen bliss,39
global lighting,39
mushrooms,39
heroic,39
extremely realistic,39
morning light,39
lake,39
dramatic scene,39
dark sky,39
on the television show baywatch,39
dusty,39
24mm lens,39
se,39
fear,39
octane render 8k,39
hyper quality,39
rmor,39
by alphonse much,39
minimalist style,39
sunglasses,39
v4,39
by moebius,39
walking,39
hdri,39
esoteric,39
photo taken by sony,39
profile,38
cottagecore,38
wings,38
insanely detailed and intricate hyper maximalist elegant,38
brian froud,38
cyber,38
cosplay,38
watercolors,38
cg society,38
pen and ink,38
may,38
glibatree style,38
watercolour,38
fireflies,38
full length portrait,38
simple design,38
blonde,38
narrow perspective view,38
unreal engine cinematic,38
fairy tale,38
high tech,38
beautiful color correction,38
ward winning photograph,38
8k cinematic,38
ultra high details,38
dad,38
ultra realistic photorealistic,38
style,38
ultra high quality,37
simple lines,37
holographic,37
spring,37
visual clarity,37
trending on cgsociety,37
<> <> <>,37
character sheet,37
hyperrealist photograph,37
balenciaga commercial,37
maximalist,37
grass,37
monster,37
bald,37
iso 800,37
pattern,37
establishing action shot,37
ink drawing,37
mazing,37
mythology,37
bokeh blur,37
high octane,37
ction shot,37
professional photo,37
color rating,37
mbient shading,37
zack snyder,37
seascape view,37
technicolor,37
structure,37
larme luminous pointillism,37
charming,37
tomasz alen koper,36
energy,36
no words,36
perfect body,36
france,36
side view photo of shoe concept,36
cyber punk,36
gerald brom,36
on a white background,36
glitch,36
natomically correct,36
nimation,36
ukiyo,36
illustration style,36
moss,36
photos taken by canon,36
highly,36
dripping,36
ultra wide,36
digital sculpting,36
30,36
hr giger,36
official art,36
fairytale,36
modern design,36
trending on artstation.,36
looking at the camer,36
nd mark brooks,36
spain,36
key visual,36
superdetailed,36
storybook illustration,36
5,36
rpg,36
intricate filigree metal design,36
4k detailed post processing ,36
by wētā fx,36
lovely,36
in the movie the wizard of oz,36
tron,36
stanley artgerm lau,35
upper body,35
illustrated,35
cinema photography,35
nimal,35
nimated,35
masculine,35
4k.,35
symetrical,35
short,35
nebul,35
shoe advertisment,35
photos taken by nikon,35
shirt design,35
flat color,35
beard,35
bones,35
masashi kishimoto drawing,35
hypermaximal,35
precise details,35
rainbow colors,35
looking at camer,35
rcane,35
close up shot,35
thletic,35
rchdaily,35
beautiful colors,35
screaming,35
skinny,35
katsuhiro otomo,35
symmetrical balance,35
glowing lights,35
fullbody,35
8k quality,35
neon light,35
full body pose,34
by rhads,34
bold colors,34
studio shot,34
high sharpness,34
outline,34
high heels,34
tilt shift,34
8,34
85,34
pre,34
rt by artgerm and greg rutkowski,34
floating,34
silk,34
ice,34
ultr,34
feathers,34
hi res,34
jewelry,34
[...],34
curly hair,34
spiritual,34
we,34
butterflies,34
white background.,34
surround lighting,34
hdr super detail,34
lovecraft,34
symmetric view,34
frontal view,34
facing camer,34
intricate linework,34
studio quality,34
classical motifs and themes,34
thin,33
on the television show the fresh prince of bel,33
rtstationhd,33
silk style,33
crypto currency,33
elle,33
dventure,33
fine details hyper - realistic,33
sharp photography,33
mockup,33
hiroshi yoshid,33
dramatic lights,33
sand,33
monovisions,33
flying,33
ghibli style,33
beige,33
3d sculpture,33
human,33
by wêtà fx,33
product design,33
8k rendering,33
ferdinand knab,33
bright colours,33
leaves,33
blues,33
perspective,33
4d,32
realistic eyes,32
pete morbacher,32
real lighting,32
curvaceous,32
raytraced,32
digital photography,32
new york city,32
isolated on white background,32
emil melmoth,32
kinetic,32
richness,32
by studio ghibli,32
panoram,32
joseph christian leyendecker,32
3,32
cinematic photography,32
princess monk athletic fitness model 27,32
concrete,32
bauhaus,32
blurry,32
photorealistic render,32
canon eos r5,32
greece,32
wide lens,32
lois van baarle,32
light rays,32
decay,32
vivid colours,32
intricate detailing,32
liminal space,32
garden,32
f/5.6,32
dynamic light,32
concept,32
weird,32
fantasy art by greg rutkowski,32
brutalism,32
photo quality,32
beautifully colored,32
maximum details,31
dragon,31
moled,31
shot on 35mm lens,31
1990s,31
realistic lense flare,31
shutter,31
oil,31
in focus,31
great composition,31
epic dramatic,31
big smile,31
digital drawing,31
trendy,31
post - processing,31
perfect anatomy,31
by yoshitaka amano,31
bright background,31
greyscale,31
smart sharpen,31
dark art,31
vector image,31
f1.8,31
death,31
exterior,31
heavy rain,31
detailed background,31
finely detailed armor,31
bioluminescent,31
glamour photo,31
historic,31
4k render,31
embroidered,31
sian,31
pocalyptic,31
on the television show sesame street,30
painted by artgerm,30
incredible detail,30
sadness,30
ction movement motion dram,30
hr,30
grim,30
neon signs,30
side,30
scientific,30
colorful moebius,30
graceful balance,30
godrays,30
dark skin,30
fibonacci,30
spirals,30
cartoonish,30
filmic,30
rtstation hq,30
candles,30
dobe illustrator,30
behance contest winner,30
beautiful girl,30
4k hd,30
symmetrically,30
fujifilm superi,30
in frame,30
graphic novel,30
high quality photo,30
urban,30
baroque style,30
wizard,30
maximalism,30
bright eyes,30
sparkling,30
photo taken by nikon,30
dark shadows,30
contemporary art,29
jellyfish,29
humanoid,29
thick paint,29
realistic mirrored surface,29
fashion photoshoot,29
nd sakimichan,29
dark mood,29
bubbles,29
on the television show southpark,29
paris,29
menacing,29
slim,29
pencil,29
explosions,29
round,29
shley wood,29
incredibly detailed and intricate,29
roses,29
macabre,29
sfx insane details,29
castle,29
svg,29
haute couture,29
ultraphotorealistic,29
long legs,29
perfect eyes,29
light leaks,29
octane renderer,29
zoom in,29
ray trace 4k,29
crowd,29
vintage style,29
physically based rendering,29
wide angle view,29
bold shapes,29
studio photo,29
earth,29
megapixels,29
strange,29
25mm,29
blur,29
flirty,29
polished,29
ndreas roch,29
sweet,28
1/250 second,28
rtstationhq,28
trending on artstation hq,28
cinematic high detail,28
sharpness,28
<> crypto bot logo,28
furaffinity,28
impressionist painting,28
marvel,28
shot on film,28
steam punk,28
schematic,28
miyazaki,28
underground,28
boots,28
cel shaded,28
bright color,28
<> highly detailed,28
fujifilm,28
typography,28
immersive,28
facing forward,28
post apocalyptic,28
sword,28
concept design,28
young woman,28
lush,28
detailed skin,28
unreal engine 5 render,28
bold lines,28
lo,28
offset from gb,28
risograph,28
kodak portr,28
cy twombly,28
nime art,28
temple,28
shot on canon dslr,28
centered composition,28
queen,28
fashion editorial style,28
textured fabrics,28
windy,28
conceptual,28
ultra wide shot,28
kir,28
cat,28
retro futurism,28
8k.,28
power,28
elegance,28
joy,28
crying,27
zoom out,27
f1. depth of field,27
horns,27
i can't believe how beautiful this is,27
clear lines,27
coloring page for kids,27
glamour shot,27
cityscape,27
full details,27
hyper realistic photograph,27
mondrian,27
western,27
4k detailed post processing,27
very high quality,27
radiant,27
very colorful,27
stone,27
fantasy illustration,27
magic the gathering artwork,27
dog,27
poetic,27
naturalistic poses,27
very fine detail,27
photography by herb ritts,27
f/5.6 aperture,27
high def,27
black eyes,27
moebius style,27
extremely high detail,27
beautiful body,27
9:16,27
rocks,27
retro futuristic,27
john harris,27
micro detail,27
studio background,27
mark ryden,27
stock photo,27
heavy grain,27
shoes,27
black outline,27
partial lighting,27
ilumi screen space global nation,27
rtgerm and greg rutkowski and alphonse mucha and jesper ejsing,27
cg,27
pocalypse,27
giger style,27
gray,27
big chest,27
detailed textures,27
bold and colorful patterns,27
striking model features,27
dramatic eye makeup,27
elaborate jewelry pieces,27
20th century op art inspiration,27
monochromatic base with contrasting patterns,27
geometric forms and shapes,27
bstract composition,27
close up view of embroidery and embellishments,27
statement ensemble,27
visual energy,27
maximalist aesthetic,27
high saturation,27
crepuscular rays,27
mid view,27
digital hyper realistic,27
facial symmetry,27
intricate complexity,27
warhol,27
realist,27
in the style of studio ghibli,26
scared,26
blurred background,26
dark fantasy art,26
gears,26
environment,26
sharpened,26
plain white background,26
beautiful details,26
sensual,26
16mm,26
ghost in the shell,26
hyper photorealistic,26
upbet,26
20 years old,26
huge,26
gaston bussiere,26
red background,26
nostalgi,26
utumn,26
dystopi,26
detail in 8 k render,26
uplight - 16:9 ratio,26
thailand,26
widescreen,26
cosmos,26
 photograph of,26
80s,26
unsettling,26
smooth shading,26
dark theme,26
photorealistic style,26
office,26
film lighting,26
steam,26
epic perspective,26
photojournalism,26
r 2:3,26
dispersion,26
breath of the wild,26
flat illustration,26
ngular,26
splash,26
stockphoto,26
in the style of a drawing,26
wild,26
massive light and shadows,26
filigree,26
photography lighting,26
intricate texture,26
centred composition,26
trending on pixiv fanbox,26
demon,26
skulls,26
by charlie bowater,26
 close,26
very detailed eyes,26
diamonds,26
breaking news,26
f/ 2. 8,26
mixed prints and layers,26
film nior,26
scene,26
100mm lens,26
passion,26
noise,26
dangerous,26
outstanding cinematography,26
fk ,26
fantasy world,26
golden light,25
bizarre,25
excellent composition,25
sparkles,25
lex grey,25
front facing,25
full of details,25
ultra high,25
dripping paint,25
tulle,25
view from above,25
explosion,25
color graded,25
brom,25
fternoon,25
diffusion,25
mountain,25
captivating gaze,25
nd saturation,25
use dark and light micro contrasts to create depth,25
— volumetric lighting,25
well lit,25
kodak color film,25
in the style of artgerm,25
simple minimal,25
medieval fantasy,25
blond hair,25
baseball cap,25
ultrahd,25
light blue,25
naturalistic,25
kentaro miur,25
medium full body action photograph. she is wearing strappy crop tank and crop body short,25
1/125 second shutter speed,25
empty,25
mike mignol,25
blink,25
muted colours,25
raphael lacoste,25
35 mm lens,25
soft body,25
video game,25
iso,25
low saturation,25
by peter mohrbacher,25
eyes,25
by craig mullins,25
unreal engine 5 highly rendered,25
marvel comics,25
heavenly,25
glamour,25
edge lighting,25
smirking,25
daytime lighting,25
looking into camer,25
van gogh style,25
rust,25
starry night,25
85 mm lens,25
james gilleard,25
serious,25
35mm photography,25
outside,25
shutter speed 1/200s,25
mandal,25
no noise,25
electricity,25
pixelart,25
roughness,25
pop surrealism,25
4 k resolution,25
sharp lines,25
 photo of,25
overwatch,25
zdzisław beksiński,25
rtstation hd,25
looking up,25
lace,25
flowing hair,25
plastic,25
timberland worn by lara croft cosplay by princess monk athletic fitness model 27,25
3d octane render,25
thick outlines,25
dynamic angle,25
corporate branding,25
hyperrealist,25
psychedelic art,24
steel,24
game art,24
jeremy mann,24
inscriptions,24
lasers,24
photo taken with provi,24
unreal render,24
high reflections,24
lice in wonderland,24
muscles,24
epic beautiful scene,24
f/1.4,24
beautiful light,24
80mm lens,24
ction scene,24
600mm lens,24
makeup,24
cinematic photo,24
classy,24
fine luster,24
fit,24
chimneytown,24
tsutomu nihei,24
back light,24
rustic,24
no shadow,24
ultra- detailed,24
isometric view,24
fashion shoot,24
ernst haeckel,24
unsharp mask,24
smooth render,24
crystal,24
new york,24
wet plate,24
nalog photograph,24
coloring book,24
city background,24
heart,24
freedom,24
crown,24
zen,24
dramatic cinematic lighting,24
industrial design,24
f/2.2 aperture,24
victorian,24
historical,24
outline art,24
graceful,24
100m + lightroom gallery + behance photographys + unsplash,24
magical atmosphere,24
very realistic render,24
flat vector,24
buildings,24
modern style,24
marble,24
no shadows,24
style of glamour shot,24
printed circuits,24
nger,24
unity,23
museum,23
dynamic poses,23
black particles flying,23
bodice,23
sharp edges,23
namorphic lens,23
y2k,23
houdini,23
self,23
f1.4,23
flying cars,23
ef200mm f2l is usm,23
shine,23
show finest tonal separations and very low noise with natural and elegant look even in extremely low light,23
rcanum,23
spot lit in dark room,23
legs,23
scratches,23
running,23
tey ghailan,23
nimals,23
photorealist,23
day,23
mirror,23
cloud,23
natomical,23
illustrator,23
tim hildebrandt,23
cinamatic,23
ux/ui,23
meditation,23
pose,23
ultra photo realistic,23
robotic,23
robots,23
tracing ray traced ambient occlusion,23
incredibly detailed intricate,23
flickr,23
8k ,23
50 mm,23
realistic composition,23
michael whelan,23
hazy,23
non,23
colour,23
flowing,23
dim,23
photorealistic portrait,23
made of beads and yarn,23
bleak,23
ustrali,23
starry sky,23
goth,23
super details,23
japanese style,23
highest resolution,23
cinematic render,23
money,23
iso 100 and natural light,23
terror,23
editorial style photo,23
superhero,23
ultra detailed photography,23
crystals,23
back,23
very detailed render,23
elegant render,23
 hyper,23
lofi,23
beautifully coloured,23
turquoise,23
life,23
incredibly detailed and complex,23
rendering by octane,23
textures,23
vatar,23
spaceship,23
sweaty,23
two,22
dune,22
wisdom,22
rich detail,22
chaotic,22
realistic.,22
fading into clear resin,22
ugly,22
rendered,22
warm color palette,22
hd octane render,22
black and white photography,22
belt,22
volumetric lighting high contrast hdr,22
high quality image,22
vignette,22
silver hair,22
long dark hair,22
ferns,22
wes anderson style,22
patterns,22
stubble,22
thick pallet knife strokes,22
experimental techniques,22
old paper,22
hard light,22
movie shot,22
lara croft,22
peru,22
relaxed,22
larry elmore,22
flames,22
kawaii style,22
8k hd,22
fine lines,22
ufotable,22
hd cinematic,22
poland,22
h.r. giger,22
round face,22
pastel tones,22
highly detailed oil painting,22
soft cinematic lighting,22
flat shading,22
gil elvgren stil,22
details professional lighting,22
facing the camer,22
film noir,22
stral,22
graffiti art,22
half back lighting,22
tracing global illumination,22
gothic style,22
foliage,22
natural sunlight,22
liquid,22
carl spitzweg style,22
deep shadows,22
solarpunk,22
national geographic photo,22
computers,22
shapes,22
f/4,22
comic art,22
soft illumination,22
nausic,22
in the style of drawing,22
los angeles,22
t shirt design,22
relaxing,22
photo taken by fuji,22
beautiful detailed,22
hypermaximalistic,22
madhouse,22
ward - winning photograph,22
ultra - realistic,22
spider,22
8k ultr,22
unsplash,22
tribal,22
dark clouds,22
comics,22
r 9:16,22
r 3:2,22
jean giraud,22
melting,22
50 mm lens,22
daylighting,22
smoky,22
modern art,22
goddess kali,22
space station,22
cinema 4 d,22
rt by john collier and albert aublet and krenz cushart and artem demura and alphonse much,22
flower,22
imaginative,22
warhammer,22
hiperrealistic,22
process art,22
2000s,22
chr aberration omatics,22
rt by wlop,22
dark souls,22
demonic bureaucracy,22
infernal machine,22
military industrial complex,22
game theory,22
cancel culture,22
hunger games,22
utopian technocracy,22
solid background,22
industrial wasteland,22
magical realism,22
cover art,22
demons,22
demonic,21
full body camera facing include happy,21
sad concerned,21
nd very excited poses. all poses are of the same size,21
flat style,21
detail 8 k render,21
high detail cinematic,21
innovation,21
bedroom,21
harness,21
eyes closed,21
solid white background,21
long neck,21
model pose,21
full person,21
landscape photography,21
ngel,21
nime girl,21
urora borealis,21
ink painting,21
f/ 2,21
photoshop,21
game of thrones,21
graphic novel style,21
sweating,21
ultrawide angle,21
claws,21
denoise,21
yellow eyes,21
wide hips,21
bruce pennington,21
photos taken by hasselblad + incredibly detailed,21
moody atmosphere,21
full height,21
great detail,21
dimly lit,21
black ink,21
wearing sunglasses,21
balenciag,21
contrasting colors,21
grading,21
editorial photography photography,21
early morning,21
melancholy,21
nas,21
beautifully color grading,21
shot on panavision,21
tropical,21
small ears,21
skin,21
caricature,21
point of interest at golden ratio,21
more darkness on the bottom,21
monumentally art composition,21
gil elvgren,21
long blonde hair,21
balance,21
cinematic still shot,21
soft natural lighting,21
rainy day,21
dark magic,21
clear background,21
featured on pixiv,21
good lighting,21
hd quality,21
day light,21
rt photography,21
silly,21
in the style of paul √©rusier,21
tom√† barcel√≥,21
nature inspired abstractions,21
roger de la fresnaye,21
pointillist optical mixing,21
dim lighting,21
renderman,21
70mm lens shot,21
suitable for coloring,21
figm,21
happiness,21
low perspective,21
lines,21
elf,21
hard surface,21
ultra realistic illustration,21
victorian er,21
cyberpunk 2077,21
sharp - focus,21
sharp teeth,21
clear sky,21
brown skin,21
landing page,21
roger deakins,21
mexico,21
full lips,21
snowing,21
beautiful detailed eyes,21
matrix,21
hazel eyes,21
vector graphics,21
lion,21
fill light,21
magic the gathering,21
donald trump,21
countryside,21
octopath traveler,21
crisp lines,21
battle,21
living room,21
mphora pattern,21
perfect line work,21
perfect stroke,21
professional colour grading,21
half backlight,21
blue hair,21
false flag,21
brave new world,21
pokemon,21
dramatic atmosphere,21
yahuasc,21
waist up,20
octan render,20
top down,20
trending on pixiv,20
flash,20
nime key visual,20
cute face,20
90s,20
with cat ears,20
set,20
world of warcraft,20
barefoot,20
natural colors,20
55 mm lens,20
dreadlocks,20
metatron,20
wearing glasses,20
by stanley artgerm lau,20
smooth lines,20
beautiful landscape,20
brass,20
natomy,20
coloring page for adults,20
fine line art,20
sitting,20
clean details,20
dark eastblock brutalist panel blockhouse street eastern europe poverty,20
demonic tentacles growing,20
rms,20
8k high definition,20
brunette,20
heaven,20
maxim verehin,20
damaged,20
epic fantasy,20
no face,20
<> <> <> <,20
fur,20
colour grading,20
soft lights,20
highly reflective,20
super detailed 8k hdr,20
chains,20
weapons,20
rendered in cinema4d,20
very high detail,20
warm tones,20
exquisite details,20
facing,20
fangs,20
insane,20
full page,20
leica 50mm,20
underlight,20
smooth color grading,20
in the desert,20
techno,20
close - up,20
highly detailed 4k color cinematic production still,20
no look straight,20
highly detailed rounded forms,20
strobe lighting,20
princess,20
boy,20
hope,20
by miyazaki,20
ray tracing ambient,20
flat 2d,20
galaxy background,20
egon schiele,20
in matching environment,20
in the forest,20
corporate,20
fairy,20
strength,20
mbient ray tracing,20
long shadows,20
nime fantasy illustration by tomoyuki yamasaki,20
complementary colors,20
horror style,20
excited,20
samurai,20
lone,20
dark ambient,20
sprite sheet,20
heroic pose,20
magazine cover,20
realistic proportions,20
viking,20
red lips,20
south afric,20
paper illustration,20
canon 5d,20
gorgeous hair,20
fair skin,20
8k hdr,20
cinematic mood,20
editorial high resolution,20
helmet,20
strong facial expression,20
sparks,20
neo - gothic,20
painting by gaston bussiere,20
nalog,20
brilliant colors,20
witch,20
dark night,20
thick outline,20
takashi murakami style,20
sun light,20
biomechanical,20
romance,20
deformed,20
mass medi,20
full round face,20
dvd screengrab,20
obese,20
8k photorealistic,19
dungeons and dragons art style,19
van gogh,19
toon shading,19
dynamic scene,19
highly detailled,19
camer,19
lens,19
cyberpunk city,19
volumetrics,19
buttons,19
text,19
70mm lens,19
crylic,19
editorial vogue photography,19
dept of field,19
full body format,19
simon bisley,19
maciej kuciar,19
crazy,19
nekro borj,19
fantasy landscape,19
live action,19
nikon d750,19
print,19
pixar render,19
octane engine,19
pure white background,19
by ross tran,19
highly photorealistic,19
bouguereau,19
magazine,19
party,19
eiffel tower,19
bronze,19
ghostly,19
rcade,19
super wide angle,19
prometheus,19
rtistic photography,19
color graded ultra,19
well designed,19
path traced,19
stronaut,19
galaxies,19
webcam photography,19
butterfly,19
dali,19
photogenic,19
surreal photography,19
frank lloyd wright,19
gucci,19
fantasy character,19
symmetrical features,19
realistic textures,19
fresh,19
120mm film,19
full length shot,19
nalog photography,19
3d studio max,19
sony alpha 7s,19
battlefield,19
mud,19
blue skies,19
grayscale,19
milky way,19
super sharp,19
fine,19
super realism,19
square,19
slight smile,19
white dress,19
tan skin,19
rtificial intelligence,19
complex design,19
doing yog,19
dribble,19
swimming pool,19
raking light,19
very defined face features,19
color photo,19
hong kong,19
black and white coloring page with no gradients,19
canon eos,19
without text,19
perfect faces,19
fashionable,19
kyoto studio,19
detailed texture,19
outdoor,19
colorful flowers,19
hyperrealistic photography,19
large scale,19
restaurant,19
cables,19
n ultra,19
sacred,19
three point lighting,19
greens,19
leonid afremov,19
character design by mark ryden and pixar and hayao miyazaki,19
h. r. giger,19
epic cinematic,19
noah bradley,19
golden hour lighting,19
movie concept art,19
lots of details,19
tom of finland,19
pond,19
no letters,19
nvidia iray render,19
ultra sharp focus,19
half moon lighting,19
props,19
looking,19
seamless,19
new zealand,19
ip,19
overgrown,19
grain texture,19
ultra realistic photography,19
classic,19
paper texture,19
photo taken by hasselblad + incredibly detailed,19
full detail,19
hd realistic,19
80's,19
shot with a leica summicron - m 28mm f/ 2 asph and fujifilm superia x - tra 400 film,19
realistic hyper,19
unreal engine.,19
octopus,19
flash photography,19
spam,19
25 years old,19
giant,19
circle,19
elegant gradients,19
men,18
porcelain skin,18
light brown hair,18
iceland,18
dynamic dramatic cinematic lighting,18
studio portrait lighting,18
cyan,18
rtstation trends,18
professional digital cinematic photography 50mm anamorphic lens flare,18
lots of detail,18
peplum,18
illustrations,18
style of h.r. giger,18
in space,18
golden ratio composition,18
red light,18
quality,18
make it weird,18
kitsch style,18
geometry,18
teeth,18
realistic mirrored refective surfaces,18
no signature,18
realistic shading,18
ultra detailed photorealistic rendering,18
delicate features,18
furry art,18
paper,18
mazing details,18
broad lighting,18
cinematic white balance,18
cool colors,18
cinematic ultra detail cgi,18
poupelle,18
looking into the camer,18
scratchboard art inspired by eric carle and johannes vermeer,18
shader,18
cartoony,18
picasso,18
smokey,18
solo,18
ornate details,18
mario testino,18
ncient rome,18
photography lighting 50mm,18
commercial,18
dynamic white balance,18
higly detailed,18
gradients,18
mood,18
smooth gradients,18
<> </,18
commercial photography,18
vibrant color scheme,18
intricate ink illustration,18
dark blue,18
drone view,18
4k uhd,18
clear eyes,18
bridges,18
cell shaded,18
unusual perspectives,18
16 k,18
cave,18
switzerland,18
vietnam,18
bruce weber,18
no hands,18
high detail high definition,18
photo taken by kodak + incredibly detailed,18
jean delville,18
ndroid,18
magic realism,18
loving,18
highly detail,18
in the style of national geographic,18
fantasy concept art,18
minimalistic design,18
defined features,18
bar,18
laptop,18
pastels,18
greg tocchini,18
cel,18
multiple poses and expressions,18
symbolist,18
low camera angle,18
close shot,18
greenery,18
dribbble,18
nausicaa ghibli,18
hero,18
vector lines,18
open shoulders,18
center composition,18
illustrative,18
high exposure,18
rusty,18
bright silver light,18
ultra wide lens,18
boring,18
body similar to elle macpherson,18
colorized,18
bandoned,18
1920s,18
frazett,18
parchment vellum,18
very intricate details,18
j scott campbell,18
+ uhd + 3d + octane render + cinematic,18
machine,18
very photorealistic,18
nature photography,18
deep depth of field,18
rtful bokeh depth of field,18
positive,18
photorrealistic,18
sense of awe,18
irakli nadar,18
shadow,18
yellow background,18
photorealistic.,18
in,18
company logo,18
wally linen loafer shoes lara croft cosplay by princess monk athletic fitness model 27,18
cartoon character,18
studio lightning,18
30 megapixel,18
vampire,18
2k,18
highest quality,18
cinema4d,18
beautiful detailed face,18
pop art style,18
small details,18
lit with high,18
bloodborne,18
trending on behance,18
data processing,18
detailed portrait,18
unreal engine 5 rendered,18
unreal engine 4k,18
waterfalls,18
frank frazetta style,18
couture,17
oil painted,17
by frank frazett,17
muted tones,17
colored inks style,17
dnd style,17
marginali,17
psychadelic,17
is a cat,17
neo tokyo,17
magent,17
extra fine details,17
shining,17
ndrogynous,17
cross,17
planet,17
impressionistic,17
evangelion,17
cape,17
scenery,17
no car,17
no engine,17
no object,17
no abstract,17
very dramatic,17
dc comics,17
fox,17
depht of field,17
particle effects,17
realistic cgi,17
skyscrapers,17
white walls,17
red lights,17
rt by krenz cushart and artem demura and alphonse much,17
headphones,17
2d art,17
sparkle,17
elf ears,17
looking away,17
violet,17
real photography fujifilm superi,17
sunset light,17
f22,17
maximalist detail,17
very sharp,17
hilma af klint,17
nan goldin,17
e,17
opengl- shaders,17
/125 second shutter speed,17
highly detailed portrait,17
linhof,17
refraction,17
nime art style,17
nalogue old photography.,17
light from top,17
high quality of sketching,17
20,17
renaissance style,17
keyshot,17
d,17
simple illustration,17
rounded,17
purple eyes,17
utopian,17
shot on 35mm,17
bridge,17
big windows,17
russi,17
featured on behance,17
clear face,17
oc render,17
dark forest,17
thick,17
shy,17
earthy tones,17
displacement,17
large windows,17
medium format camer,17
by beeple,17
octanerender,17
85 mm,17
daniel gerhartz,17
low lighting,17
4k image,17
beautiful lips,17
glowing particles,17
roberto ferri,17
blue hour,17
professional food photography,17
0,17
cyberpunk theme,17
hollow knight,17
printing poster,17
videogame cover,17
cute sticker,17
digital painting by atey ghailan,17
balloons,17
paint,17
tired,17
extra detail,17
dramatic sky,17
pro photo rgb vr lonely,17
old photo,17
free,17
memorable,17
ultra realistic cinematic photography,17
skin texture,17
greek mythology,17
day time,17
rchitectural design rendering,17
light from above,17
professionally retouched,17
gradient background,17
lanterns,17
rainbows,17
product photo,17
ustri,17
magical photography,17
clear image,17
black and white drawing,17
line,17
led lights,17
macro shot,17
clip art,17
photo for the vogue by greg rutkowski,17
rt painted by magali villeneuve,17
studio portrait,17
smoking,17
big anime eyes,17
red edge light,17
fluid acrylic,17
gorgeous lighting,17
coffee,17
ghost,17
fluxus,17
gerhart richter,17
window,17
creativity,17
nft,17
dirt,17
very simple,17
nd futurism,17
psilocybin,17
gaming,17
lens flares,17
dynamic cinematic lighting,16
creature,16
volumetric lighting high contrast,16
wideshot,16
stage,16
very inspirational,16
magnificent,16
cedric peyravernay,16
<> anime,16
women,16
in the style of moebius,16
3200 dpi scan,16
library,16
very high details,16
badass,16
crayon strokes on white paper,16
koichi sato 80s graphic design,16
kazumasa nagai graphic design,16
yusaku kamerura graphic design 1990s,16
ikko tanaka graphic design,16
fantasy character portrait,16
realistic art deco,16
realistic octane render,16
in the style of craig mullins,16
chromatic,16
bulbous,16
veins,16
iconic state,16
cherry blossoms,16
thick chrome paint,16
photorealistic rendering,16
rt by greg rutkowski and alphonse much,16
frill,16
by greg tocchini,16
by james gilleard,16
nime aesthetic,16
impasto,16
tmospheric light,16
futuristic style,16
chubby,16
shield,16
calming,16
found footage,16
cinema composition shot,16
oriental fantasy,16
grandparentcore,16
science,16
nebulae,16
pure,16
flattering,16
post processed,16
hyper realistic cg animation,16
slender,16
cinematic rendering,16
electric,16
extremely feminine physique,16
corrine day,16
jeans,16
1960s,16
low details,16
minimal design,16
facial,16
ultra definition,16
hr giger style,16
thin lines,16
highly intricate,16
movie camera shot,16
james paick,16
8k textures,16
hairy torso,16
vector graphic,16
t sunset,16
graffiti style,16
grey background,16
neutral,16
contrasting lighting,16
femme fatale,16
by ilya kuvshinov,16
we inspiring,16
massive scale,16
bio,16
by leyendecker,16
guitar,16
symbol,16
minimalist design,16
desert background,16
horror theme,16
park,16
cover,16
wide range photography,16
red lipstick,16
uninspired::,16
2d game art,16
stencil,16
expansive,16
hats,16
chibi style,16
couple,16
close up view,16
night scene,16
egypt,16
much wow,16
black and red,16
innocent,16
shot on phase one camer,16
exciting,16
realist detail,16
edgy,16
tech,16
cooke lens,16
ssociated press photo,16
epic movie scene,16
dim light,16
stylised,16
by hieronymus bosch,16
vector design,16
school,16
1980,16
natural daylight,16
performance,16
magic hour,16
ivy,16
color gradient,16
cathedral,16
outer space,16
blond,16
retro style,16
depressing,16
realistic facial features,16
out of focus,16
hyper realistic and detailed,16
still life,16
extremely detailed and intricate,16
insane detailed,16
pokemon style,16
crylic on canvas,16
lucha libre poster,16
full colour,16
blue and white,16
furniture store,16
comic book cover,16
dynamic movement,16
3d style,16
police station,16
pool,16
very detailed facial features,16
realistic materials,16
realistic shaded perfect face,16
white border,16
muted color,16
oranges,16
cinemascope,16
emma watson,16
perspective view,16
shot photography by wes anderson,16
terracott,16
<> cyberpunk,16
porcelain,16
expensive,16
dramatic lightning,16
1950s,16
intricately - detailed,16
jewellery,16
natural skin,16
d&d style,16
fancy,16
void,16
royal,16
highly complex,16
beautiful background,16
dutch golden age,16
ngelic,16
format: digital,16
parasol,16
isolated elements,16
bakery,16
eye contact,16
nimated gifs,16
doom,16
david lazar,16
by huang guangjian and gil elvgren and sachin teng,16
uae,16
8 k realistic,16
futuristic design,16
inviting,16
diffuse back lighting,16
small catchlight,16
fro,16
bushes,16
extremely ornate,16
blue skin,16
chinese,16
photorealistic post,16
beautiful sky,16
coffee shop,16
dreamlike painting,16
screen print,16
lithograph,16
immense detail,16
emblem,16
car,16
ngle,16
biological,16
elden ring,16
symmetrical design,16
ethereal atmosphere,16
only draw outlines,16
rabbit,16
hearts,16
dappled light,16
no beard,16
cycles,16
grimdark,16
high contrast lighting,16
comfortable,16
portraits,15
realistic image,15
portrait shot,15
by jeremy mann,15
illuminated face,15
sketch style,15
smooth blob with faded reflections,15
spot lit in dark room seen on wall,15
rt germ,15
camera shots,15
no logo,15
portra 800 medium format film,15
8k hyper realistic,15
short beard,15
rule of third,15
organz,15
shutter speed 1/125,15
up close,15
8k 3d,15
brutalist,15
branches,15
susan kare style design iconography,15
rainbow neon liminal space,15
star,15
whole vehicle,15
victorian style,15
fiber optics,15
extremely intricate,15
john singer sargent,15
insects,15
smooth light,15
hyper realist,15
yoji shinkawa style,15
reflections on marble floor,15
tooth wu,15
blender render,15
sticker art,15
south kore,15
mid shot,15
ballet photo,15
hyper sharp focus,15
body,15
twisted,15
super cute,15
storm clouds,15
curvaceous aesthetic figure,15
knight,15
matte print,15
sharp detail,15
ivan laliashvili,15
bladerunner,15
hair,15
maxfield parrish,15
dark and moody,15
by zdzislaw beksinski,15
serenity,15
ward winning art,15
deep color,15
world of warcraft style,15
hard rim lighting photography,15
dark tones,15
ornaments,15
fantasy setting,15
tree,15
pretty eyes,15
harmony,15
tubes,15
sunrays,15
victor nizovtsev,15
long blond hair,15
semi realistic,15
casual looking,15
with simple mouth and nose,15
is a virtual creature,15
small japanese fur hat,15
woods,15
healthy,15
illumination,15
painted by greg rutkowski,15
light green,15
ivory,15
style of studio ghibli,15
steve mccurry,15
grand,15
dirty style,15
pixar and disney animation,15
clothes,15
pine trees,15
long brown hair,15
desolate,15
unreal 5 engine,15
sharpen details,15
solar panels,15
ultrawide shot,15
ornamental,15
shot on canon eos,15
outlined,15
very detailed face,15
diamond,15
summer vibrancy,15
crowded,15
istanbul,15
shadow lighting,15
stadium,15
palace,15
gundam,15
late afternoon,15
monet,15
kimono,15
rtsy,15
rt deco style,15
psychedelic colors,15
pastel blue,15
sitting on a rock,15
lowbrow art,15
reality,15
white back ground,15
legendary noctilux 50mm .95 leica lens,15
facial muscles,15
light reflections,15
hooded,15
v 4,15
deep space,15
glistening skin,15
glamorous,15
clean design,15
sunbeams,15
highly detailed digital painting,15
inking,15
simple logo,15
copper,15
black lines,15
cthulhu,15
gay superhero,15
painted by greg rutkowski makoto shinkai takashi takeuchi studio ghibli,15
jumping,15
3d cartoon,15
trash,15
thunder,15
croati,15
dat,15
clear glass reflection,15
top lighting,15
cinematic production still,15
shading,15
in the style of annie leibovitz,15
violent,15
young man,15
16:00,15
mature,15
100m + lightroom gallery + behance photography + unsplash,15
holy,15
retro dark vintage sci,15
green grass,15
f4,15
gloomy atmosphere,15
rtgem,15
dreamscape,15
the ministry of magic (harry potter),15
realistic light,15
mcbess,15
city skyline,15
puerto rico,15
rri alex,15
satoshi nakamoto,15
rmored,15
pink hair,15
beautifully coded by color,15
fit body,15
well composed,15
realistic skin,15
warhammer 40k,15
high dynamic range,15
disco,15
moody cinematic lighting,15
16,15
frame,15
mystery,15
10k,15
high resolution photo,15
unrealistic,15
white shirt,15
tmospheric perspective,15
etheral light,14
justin gerard,14
crazy detail,14
light blue background,14
jeremy lipkin and michael garmash,14
face details,14
religious,14
computer,14
cute style,14
road,14
4k uhd image,14
doctor,14
field of view,14
prismatic,14
frontal,14
nato finnstark,14
on the right side,14
visualization most artistic way,14
detailed body,14
smooth skin,14
18 years old,14
close up portrait,14
nice,14
octane render.,14
woodcut,14
thunderstorm,14
ultra hyper,14
fight,14
visually stunning,14
thierry doizon,14
more details,14
full screen,14
tanned skin,14
kyoto animation,14
beautiful bokeh,14
by caravaggio,14
organic horror,14
scales,14
iris van herpen,14
by leonardo da vinci,14
rtx ray tracing,14
cherry blossom,14
sakur,14
by rossdraws,14
extreme realism,14
ghosts,14
deep perspective,14
in the style of frank frazett,14
precisionist art,14
sung choi,14
halloween,14
smoothing,14
4k symmetrical,14
yanjun cheng,14
ink on paper,14
brutal,14
realistic portrait,14
fstop 1.8,14
magical forest,14
house,14
liminal,14
stunning atmosphere,14
ice cream shop,14
mountains in the background,14
vray rendering,14
realistic 4k,14
raw uhd,14
photorealistic high quality,14
horror movie,14
highly detailed + ray tracing + sharp focus,14
impressionist style,14
children's book illustration style,14
messy,14
photographed by tim walker,14
head in focus,14
erial shot,14
fuji film,14
national geographic style,14
2023,14
extreme realistic,14
sharp foccus ilustration,14
mykonos,14
ggressive,14
mars,14
family,14
national geographic photography,14
nnie leibovitz style,14
simple style,14
style of james jean,14
4k quality,14
biblical,14
white backround,14
raytrace,14
exploration,14
dark and mysterious,14
logo style,14
experimental,14
curvy,14
monument,14
simplified,14
in the style of romanticism,14
soft details,14
deviant art,14
gentle,14
f,14
tattoo design,14
happy mood,14
hoodie,14
seamless pattern,14
game assets,14
table,14
curtains,14
<> character design,14
stormy weather,14
ektachrome,14
fantasy realism,14
kim jung gi,14
takashi murakami,14
slime,14
rainy night,14
insanely intricate details,14
tuomas korpi,14
frank miller,14
detailed hair texture,14
neon highlights,14
trending on artstation and unreal engine,14
central composition,14
oshare kei,14
flat illustration style,14
roger dean,14
nna dittmann,14
golden eyes,14
tim burton,14
teasing,14
shot on 20mm lens,14
next to a giant toad,14
thomas kindkade,14
shot on kodak portra 400,14
4,14
medium shot close up,14
brushstrokes,14
1,14
super high detail,14
junji ito,14
mexican,14
leather armor,14
photorealistic concept art,14
exotic,14
rubens,14
naomi okubo,14
burlesque,14
by gaston bussiere,14
full of colour,14
cartoon sticker,14
rt by artgerm and greg rutkowski and alphonse mucha and william - adolphe bouguereau,14
jean - baptiste monge,14
zdzislaw belsinki,14
beautiful detail,14
pixer style,14
fairytale atmosphere,14
middle shot portrait,14
beautiful smile,14
balanced composition,14
cannes,14
ultra detailed photorealistic,14
profile view,14
ultrarealism,14
bear,14
rays of light,14
oil painting style,14
hajime sorayam,14
disney pixar,14
baby blue,14
testp,14
broken,14
highres,14
clay,14
high resolution.,14
red roses,14
32 megapixels,14
canon 5d mark iv,14
green background,14
wonderland,14
r 16:,14
plasm,14
hamburg,14
4k uhd 3d octane render cinematic,14
watercolor illustration,14
hd photography,14
undead,14
elegant pose,14
production quality,14
14mm f/2.8,14
masamune shirow,14
character design sheet,14
in a symbolic and meaningful style,14
realistic shaded,14
hyper resolution,14
mazing lighting,14
extremely hyper - detailed,14
darek zabrocki,14
drenched,14
large format,14
esquire magazine profile,14
8 k artistic photography,14
rich deep colors. beksinski painting,14
dungeons and dragons style,14
saul bass,14
destruction,14
dim volumetric cinematic lighting,14
skyscraper,14
by brom,14
circular,14
fisheye,14
50mm portrait photography,14
while pushing the boundaries of traditional aesthetics. incorporate elements such as multi,14
rt and language,14
electronic art glitch,14
epic pose,14
no glasses,14
pointy ears,14
f/2.8 long exposure,14
grid,14
brilliant,14
embroidered in the style of sun kissed palettes,14
big neckline,14
film stock,14
use up the entire screen,14
ttention to details,14
white color,14
3d animation,14
symmetrical body,14
mad max,14
black and white photo,14
<> full body,14
iron,14
michael cheval,14
jack kirby,14
beautiful detailed intricate insanely detailed octane render trending on artstation,14
2d anime,14
#NAME?,14
fashion model,13
jesper ejsing,13
modern photography,13
shot on afga vista 400,13
drian ghenie,13
modern architecture,13
bill sienkiewicz,13
scars,13
business,13
flat background,13
8k artistic photography,13
flash on,13
by simon stalenhag,13
<> purple metallic chrome reflective thick paint splat large sculpture on wall,13
steampunk style,13
in love,13
max resolution,13
devil,13
<> <> <> <> <>,13
handsome man,13
wise,13
looking at viewer,13
built on the most beautiful beach in hawaii,13
photo taken from above,13
real photographic scene,13
retrofuturistic,13
clear sharp focus,13
hands,13
1/160s,13
wolf,13
platform 9 3/4 (harry potter),13
rocket,13
cars,13
photoillustration,13
mustache,13
poignant,13
kai carpenter,13
cowboy,13
smiley face,13
1960,13
extremely detailed.,13
rendered in unreal engine 5,13
echoic,13
hypermaximilist,13
classical painting,13
earrings,13
ntique,13
open mouth,13
ray tracer,13
cinematograph,13
hologram,13
piercing eyes,13
<> realistic,13
success,13
francis bacon,13
colorful lighting,13
path tracing,13
gouache,13
neural networks,13
toy,13
dsmc2,13
painted by james gilleard,13
epic and detailed,13
glow effect,13
tears,13
light fog,13
dark scene,13
generative art,13
detailed concept art,13
rthur rackham,13
dariusz zawadzki,13
intimidating,13
cid,13
pixar style character,13
oc,13
flash photography heavily lit neonwhite and bright lit,13
colorful background,13
fujifilm photo,13
hypermaximalist portrait,13
elegant and appealing,13
purple hair,13
smirk,13
natural features,13
cyberpunk city background,13
intricate oil painting,13
ray tracing reflection,13
insect,13
busy,13
in the style of wes anderson,13
film photo,13
cinematic pose,13
rave,13
bright lights,13
ferrania p30,13
long white hair,13
skillfully contrasted with cinematic lighting and shading,13
stranger things,13
perfect focus,13
extremely sharp,13
christmas,13
back lighting,13
shot from a movie,13
luminescent,13
playing cards,13
mascot,13
shiny eyes,13
open,13
oc renderer,13
extreme long shot,13
cinematic shading,13
shot on fujifilm,13
tense,13
concept art by jama jurabaev,13
brush stroke,13
dark environment,13
dynamic background,13
spectacular details,13
necklaces,13
pants,13
vincent di fate,13
by alex gray and zdzisław beksiński and giger and escher,13
dark moody,13
lostfish,13
blizzard,13
knolling,13
sticker style,13
thick brushstrokes,13
fine details hyper realistic,13
character concept design,13
highly details,13
cold colors,13
simple black line drawing with well,13
pov,13
belgium,13
smart,13
black paper,13
30 years old,13
photoportrait,13
lchemy,13
foreboding,13
sans,13
by makoto shinkai and thomas kinkade,13
dark eyes,13
best anatomy,13
zdzislaw beksinski style,13
2d illustration,13
small - catchlight,13
high - sharpness,13
product shot,13
half body shot,13
fighting,13
high detail + sony alpha α7,13
defined face,13
having fun,13
upscale,13
batman,13
palette knife,13
cable wires,13
microchip,13
behance photography,13
in forest,13
imagination,13
fortnite style,13
detailed digital art,13
hip,13
extremly detailed,13
lot of details,13
pixar animation,13
davison,13
manga art,13
mapping,13
dubai,13
turkey,13
wow,13
soul,13
fendi,13
tarot cards,13
gapmoe yandere grimdark,13
fireplace,13
esthetics,13
piles/stacks,13
shiny/glossy,13
black white,13
dnd character,13
inspirational,13
picturesque,13
8 k high definition,13
hat,13
dress,13
post - photography,13
nikon d850,13
light and shadow,13
shaun tan,13
toys,13
textured skin,13
split,13
immense details,13
overdetalization,13
9k,13
vast,13
clear reflections,13
facing front,13
stanley kubrick,13
solid color background,13
clean face,13
bokeh background,13
takashi murakami game photo,13
substance painter,13
beauty art,13
uror,13
beautiful legs,13
horse,13
evil smile,13
bikini,13
grunge aesthetic,13
by wayne barlowe,13
epic atmosphere,13
water dripping,13
scenic,13
very creepy,13
135mm lens,13
3d blender render,13
simple watercolor,13
fairy tales,13
realistic oil painting,13
full page scan of 1800s book detailed,13
scenery lighting sharpening,13
defined eyes,13
fractalism,13
lighthouse,13
sparkling sunlight,13
beautiful hair,13
nd makoto shinkai,13
shutter speed 125,13
ntoni gaudi,13
fighting pose,13
lunar background,13
blockbuster,13
very cute,13
gotham city (batman comics),13
in the style of greg rutkowski,13
lots of rain,13
no hair,13
rendered in may,13
dots,13
wide fov,13
low angle camer,13
defined,13
furniture,13
opulent,13
colorful clouds,13
designed by frida kahlo,13
rough strokes,13
the room of requirement (harry potter),13
dark light,13
realistic illustration,13
mage,13
paradise,13
hyper ornate,13
turnaround,13
bearded,13
exagerated contrasts,13
visionary art,13
ominous vibe,13
digital art.,12
sweat,12
behance hd by jesper ejsing,12
tumblr,12
fantasy artwork,12
pointed ears,12
schematics,12
gemstone,12
reykjavik,12
hand painted,12
mazing depth,12
by bruce pennington,12
cinematic angle,12
beautiful perfect symmetrical face,12
history,12
harris shutter,12
swamp,12
light particles,12
cinematic quality,12
tlantis (atlantis: the lost empire),12
ribbons,12
3d rendered,12
lumen reflection,12
indoor,12
rome,12
miniskirt,12
light shafts,12
ction photograph,12
pipes,12
hyper detailed photo,12
32k photorealistic,12
religion light,12
unreal engine style,12
harry potter,12
necklace,12
swords,12
sorrow,12
frog,12
paul pope,12
cloak,12
cinematic dramatic lighting,12
milo manar,12
frank franzzet,12
people dancing,12
reds,12
purples,12
by joe fenton,12
motion,12
comic cover art,12
tompunk,12
johnson ting,12
peter konig,12
village,12
digital concept art,12
strange attractors,12
child,12
balanced,12
beautifully detailed,12
terminator,12
brewery,12
street lights,12
engine,12
low quality,12
bayard wu,12
cloudy sky,12
front facing portrait style,12
brutalist architecture,12
banff,12
16k resolution,12
peace,12
dust particles,12
tanned,12
black color,12
transcendent,12
with hyper,12
rtstation contest winner,12
by karol bak,12
shot on hasselblad,12
japanese anime,12
monsters,12
panic,12
f/3.5,12
optical flares,12
closed eyes,12
face visible,12
octane render photography,12
dreams,12
max detail,12
1998 pixel computer game of the dark crystal,12
ilya repin,12
300 dpi,12
beautiful sunset,12
digital manipulation,12
breathtaking composition,12
cute and funny looking,12
<> sergio cerchi color intricate full page scan blueprint of concept art woman + ultra,12
curves,12
steampunk vintage industrial look,12
sparklecore,12
godly,12
18mm,12
f 1.2,12
hyperreality,12
polycount,12
singing,12
by gustav klimt,12
overdetailed art,12
blue dress,12
badass style,12
f/148,12
in the style of,12
imposing,12
documentary,12
no filter,12
eco,12
cloth,12
coverart,12
cushart krenz,12
volcano,12
lucerne,12
background galaxy,12
lightroom gallery,12
kiss,12
santorini,12
light and dark,12
happy face,12
high quality.,12
portrait photo,12
sunset lighting,12
square enix,12
shallow focus,12
mural,12
black long hair,12
grey hair,12
gb,12
max details,12
outlines,12
splash art,12
bone,12
canon eos r3,12
military,12
single face,12
cosmic background,12
unreal engine v5,12
4 k uhd image,12
fitness,12
8 k hd,12
30 - megapixel,12
mechanical parts,12
technical drawing,12
clearly drawn lines,12
ghibli studio,12
cinematic 8k,12
brazil,12
kitbash,12
2,12
leica m,12
debris,12
pearls,12
movie still frame,12
bright sky,12
some fog,12
strong jaw,12
egyptian,12
futuristic city,12
detailed photorealistic,12
ray traced global illumination,12
highly textured,12
canvas,12
hephotohstone style ilustration,12
plein official photo,12
purple lava highly reflective chrome mirrored finish seen mixed around and blended on chrystal. smooth thick blob purple chrome swirling over the chrystal,12
28mm lens,12
bstract shapes,12
vibe,12
bare arms,12
pixelation,12
glitch portrait joshu,12
full - hd,12
3ds max + v,12
extremely contrast,12
zombie,12
on black background,12
cinematic.,12
shoulders,12
horrifying,12
beautiful women,12
blank coloring page,12
david lachapelle,12
birds eye view,12
jeremy lipkin and michael garmash and rob rey,12
f/11,12
mutant,12
mask,12
retrofashion,12
no facial hair,12
classical,12
straight lines,12
16k hdr,12
bitcoin,12
dreamworks,12
in the style of anime,12
stage lighting,12
retrowave,12
fluid shapes,12
old photograph,12
high technology,12
rich details,12
black and grey,12
floating in the air,12
david hockney,12
rt on instagram,12
good looks,12
glowing red eyes,12
photo render,12
repeating pattern,12
chic,12
mass effect,12
gardens,12
london,12
minimal style,12
carnival,12
tshirt design,12
blue light,12
takashi murakami character in takashi murakami style,12
intricate environment,12
jimmy nelsson,12
navy blue,12
smooth colors,12
by sagi haviv,12
ink outlines,12
crystal clear,12
prince,12
in the style of made of beads and yarn,12
merican mid century design,12
by victo ngai,12
winning award masterpiece,12
stunning composition,12
morbid,12
short brown hair,12
70s american,12
1980s american town,12
photo still,12
middle ages,12
soft smooth lighting,12
ndroid jones,12
in the style of pixar,12
kind,12
telephoto lens,12
fhd,12
ward winning studio photography,12
by leesha hannigan,12
mirrors,12
shining eyes,12
exceptional detail,12
hdr super detailed,12
diffused lighting,12
 high,12
sticker design,12
hills,12
cobr,12
olive skin,12
deer,12
liens,12
highly detailed digital art,12
short smile,12
expressive eyes,12
max ernst,12
cinematic footage,12
hyper realistic photo,12
john berkey,12
ngels,12
fairies,12
canon eos 5d mark iv,12
3d lighting,12
mandelbulb 3d fractal,12
god machine,12
banking,12
botanical electronics,12
fronds,12
dna data fronds,12
rhizomatic plastic,12
metal petals,12
fractal flowers,12
streets,12
beautiful concept art,12
nightclub lighting,12
muscle,12
lightrays,12
no helmet,12
building,12
b&w,12
floating in space,12
create an ultra,12
ponytail,12
/250 second,12
braids,12
refined,12
movie poster style,12
iso100,12
true photo realism,12
surrealism rich,12
ray traced reflections,12
warm glow,11
colorful lights,11
cinematic close up portrait,11
medical,11
very very beautiful,11
muppet,11
intricate maximalist,11
1950,11
circular shapes,11
festival,11
bright blue eyes,11
hd ultrarealistic,11
light beams,11
graphics,11
blender and photoshop,11
mandelbrot fractal,11
staff,11
max octane render,11
max focus,11
f/2,11
island,11
realistic 8k,11
miami,11
ribs,11
full lenght,11
prison,11
can' believe how beautiful this is,11
draw,11
photographic realism,11
xf iq4,11
beautiful painting,11
utopi,11
leica m10,11
wet pavement,11
necromancer,11
rstation,11
photorealistic textures,11
ignacio fernandez rios,11
cats,11
gesture painting,11
ultra modern,11
shot with 50mm lens,11
gb shift,11
determined,11
dynamic action,11
watches,11
medium shot close,11
rage,11
rt by moebius,11
young girl,11
dark room,11
hyper detailed face features,11
redhead,11
skirt,11
thigh,11
red and white,11
realistic front,11
cinematic perspective,11
technical,11
celebration,11
sp,11
mitchell mohrhauser,11
labels,11
chinese style,11
38dd chest,11
highly detailed mosaic,11
café,11
meditating,11
vintage industrial matching lighting,11
carl spitzweg style surreal 4k,11
ccent lightning,11
by ayami kojim,11
highly detailed labeled,11
medieval style,11
red skin,11
inner glow,11
stream,11
digitally enhanced,11
looking forward,11
::,11
40 years old,11
laurie greasley,11
retro aesthetic,11
pain,11
spirituality,11
illustration.,11
open ceiling,11
stanley artgerm,11
emerald,11
book,11
epic image,11
tshirt vector,11
product,11
middle aged,11
third,11
stunning detail,11
light tones,11
copenhagen,11
poster style,11
infinity,11
xe,11
quiet,11
epic shot,11
dragon art,11
hot body,11
nightcore,11
desert landscape,11
ur,11
haddonfield (halloween),11
glossy skin,11
mark brooks,11
fashion magazine style,11
curious,11
flirtatious,11
developed in ilfotec dd,11
eldritch,11
8k realistic,11
shot on 35mm film,11
dark style,11
spiky mounds,11
6k,11
straight hair,11
game asset,11
no eyebrow,11
rchitectural design,11
kira style,11
hotel,11
render in unreal engine 5,11
photographic quality,11
detailed hair,11
vhs,11
intricated details,11
<> steampunk,11
wavy,11
indonesi,11
gold leaf,11
8k ultra hd,11
pen,11
womancore,11
classical realism,11
business center,11
crylic paint,11
life like,11
king,11
old man,11
gregory crewdson,11
raymond swanland,11
ttention to detail::3 blurry,11
norway,11
space oper,11
iphone,11
perfect lips,11
perfect teeth,11
happy expression,11
volumetric shadows and lighting,11
rtx 3090,11
punk art,11
intricate oil details,11
cafe,11
happy atmosphere,11
mysticism,11
detailed design,11
triadic color scheme,11
8k octane,11
jordan grimmer,11
neon sign,11
netherlands,11
gig collar,11
dungeons and dragons character,11
in the style of drew struzan,11
zeiss lens,11
computer art,11
fortnite,11
space background,11
thin lips,11
natural afternoon light,11
taken on canon eos r5 f1. iso100 35mm,11
intricate and detailed,11
deviantart artstation,11
diebenkorn,11
glassmorphism,11
v 4 3d double exposure,11
watercolor and ink,11
rri,11
super adobe,11
high art,11
simple shapes,11
elegant dynamic pose,11
sony a1,11
enlightenment,11
smilecore,11
lush vegetation,11
c,11
stars in the sky,11
runes,11
panavision,11
riot,11
diffuse - back - lighting,11
h.r. giger style,11
rough sketch,11
nature preserve,11
dynamic color,11
watercolor and pencil,11
heavy fog,11
cold hue's,11
warm tone gradient background,11
intrinsic details,11
slr,11
highly detailed and elegant painting,11
organic surreal shapes,11
iconic state of the art digital full frame rangefinder photography leica m11 60mp,11
cinematic background,11
johannesburg,11
ction painting,11
natural and perfect proportions,11
extremely intricate and textured,11
puddles,11
cartooncore,11
bokeh effect,11
kilian eng,11
portal,11
moody light,11
no dof,11
solar system,11
john howe,11
luis royo,11
f8,11
oil painting on canvas,11
pristine,11
francesca woodman,11
saudek,11
color degradation,11
graphic illustration,11
dread,11
style of scott gustafson,11
ultra réaliste,11
liquid metal,11
real skin,11
very dark,11
noon,11
pen drawing,11
fantastic world,11
takato yamamoto,11
8x10 film,11
weapon,11
shepard fairey,11
ivan bilibin,11
jamie hewlett,11
render 8k,11
stylish style,11
24,11
f1. 8,11
gigantic,11
concept art style,11
gl,11
sherif,11
no depth of field,11
greek,11
bangs,11
super detailed face,11
substance designer,11
nightmarish,11
slimy,11
san francisco,11
siem reap,11
cambodi,11
28mm,11
minimal details,11
high rendering,11
deep colors,11
proportionate,11
daily deviation,11
uckland,11
nalog film,11
iridescent colors,11
the forbidden forest (harry potter),11
orchids,11
eye level,11
illuminated face lighting,11
screen,11
hyper textured,11
time period: future,11
manticore,11
live,11
pinks,11
vegetation,11
blue color,11
plain,11
wiccan,11
high quality render,11
flat lighting,11
clean shaven,11
in the style of hyper,11
ccountant's office,11
shot + photo taken by arri,11
wonder,11
cinematic shot + photos taken by arri,11
body shot,11
greg rutkowski very coherent symmetrical artwork. cinematic,11
minimal graphic,11
diversity,11
synagogue,11
knolling image,11
lign all objects,11
nikon z9,11
nightclub,11
zodiac,11
grinning,11
clean artifacts,11
lisbon,11
portugal,11
ink style,11
hospital,11
grungy,11
kids,11
photographic style,11
skyrim,11
gilead (the dark tower series),11
coherent,11
sneakers,11
sexy,11
chin,11
plays with light and shadow,11
conference center,11
distressed,11
stones,11
sci fi fantasy,11
train station,11
choker,11
shibuy,11
black hole,11
vogue magazine,11
torso,11
in pixar style,11
kids story book style,11
hard focus,11
iron man,11
winery,11
shooting,11
illuminated,11
vant garde,11
3d illustration,11
colourfull,11
trending on polycount,11
rich deep moody colors,11
pin,11
uncropped,11
colours,11
community,11
health,11
1984,11
good composition,11
intrincate details,11
reimagined by industrial light and magic,11
by krenz cushart,11
bald head,11
broken glass,11
epic painting,11
no fill,11
feng zhu,11
night lighting,11
photorealistic lens flare,11
remarkable cast shadows,11
ritual,11
futuristic cyberpunk city,11
lena aenami,11
occlusion,11
botanical,11
paper quilling,11
eerie atmosphere,11
by loish,11
smooth face,11
die,11
train,11
overwatch style,11
third eye,11
insanely intricate,11
pproaching perfection,11
miltary,11
gency,11
gargosian,11
guggenheim institutional,11
electronic nature,11
overgrown virtual reality swamp mangrove,11
mega flora anemones,11
biomechanical arborescence,11
cyber cactus,11
xylem glow,11
phloem lattice,11
sacred grove,11
mistletoe,11
biomorph android triffid,11
bionic flor,11
fungal vascular anatomy,11
electrical jungle,11
paisley foliage,11
rterial wiring,11
full body length,11
hyper realistic light and shadow,11
n ultrafine hyperdetailed illustration by kim jung gi,11
uhd 4k,11
skeletal,11
<> infographics dictionary of minerals,11
disco ball,11
msterdam,11
insanely detailed and photorealistic faces,11
coloring book style,11
105mm,11
greg rutkowski and alphonse much,11
boat,11
18 mm lens,11
detailed drawing,11
horses,11
raw photo,11
shot with hasselblad x2d 100c,11
helen huang,11
long red hair,11
midday,11
low depth of field,11
vertigo comics,11
uburn hair,11
ilm,11